{
  "timestamp": "2025-09-18T17:29:28.165635",
  "sensors": {
    "temperature_reactor": 58.617520396084124,
    "pressure_hydraulic": 18.961199906961017,
    "flow_water": 42.86746684104243,
    "voltage_motor_a": 221.62520546068524,
    "current_pump": 10.663684163008202
  },
  "plcs": {
    "PLC_001": {
      "status": "online",
      "cpu_load": 37.08554989623643,
      "memory_usage": 32.75147883634615,
      "network_latency": 11.565426385841763,
      "error_count": 0,
      "firmware_version": "V32.011",
      "uptime_hours": 6322.309633780354
    },
    "PLC_002": {
      "status": "online",
      "cpu_load": 11.337579101518124,
      "memory_usage": 24.369704093307192,
      "network_latency": 20.164944747387484,
      "error_count": 0,
      "firmware_version": "V2.8.1",
      "uptime_hours": 8090.686617680765
    }
  },
  "protocols": {
    "modbus_tcp": {
      "status": "online",
      "connections_per_second": 92.12888047589645,
      "latency_ms": 10.280829600388241,
      "error_rate": 0.040836942267920284,
      "throughput_mbps": 21.88983512695224
    },
    "profinet": {
      "status": "online",
      "connections_per_second": 71.76822938267213,
      "latency_ms": 6.741850673378683,
      "error_rate": 0.1676621806292541,
      "throughput_mbps": 50.372430480277266
    },
    "opc_ua": {
      "status": "warning",
      "connections_per_second": 18.411269768330378,
      "latency_ms": 46.77730909157652,
      "error_rate": 0.5978833512286291,
      "throughput_mbps": 8.64205803067428
    }
  },
  "alerts": [],
  "predictions": {
    "failure_probability_6h": 10.533235497862027,
    "maintenance_needed_days": 10.568618996940758,
    "efficiency_forecast": 88.86492652521292,
    "energy_optimization_potential": 17.14108831468849
  },
  "metrics": {
    "efficiency_score": 73.29098910753528,
    "predicted_failures": [],
    "anomaly_detection": {
      "temperature_reactor": 56.91239801957938,
      "pressure_hydraulic": 8.310400744311863,
      "flow_water": 5.015305752885335,
      "voltage_motor_a": 17.908872787868596,
      "current_pump": 9.40131150735902
    },
    "security_threats": [
      {
        "protocol": "opc_ua",
        "threat_level": "medium",
        "description": "Alta tasa de errores en opc_ua",
        "risk_score": 59.78833512286291
      }
    ],
    "optimization_suggestions": [
      {
        "area": "Eficiencia General",
        "suggestion": "Ajustar par\u00e1metros de operaci\u00f3n para mejorar eficiencia",
        "potential_improvement": "26.7%",
        "priority": "high"
      },
      {
        "area": "Comunicaciones",
        "suggestion": "Optimizar configuraci\u00f3n de red industrial",
        "potential_improvement": "15-25ms reducci\u00f3n latencia",
        "priority": "medium"
      }
    ],
    "trend_analysis": {
      "temperature": [
        70.78572777233333,
        69.72775634868029,
        75.14960103711775,
        75.51314021912691,
        80.03397634551483,
        77.31305757466708,
        77.94654623820749,
        79.75434542543513,
        78.37249846262758,
        74.70889565427439,
        71.77457189193308,
        70.14457790066103,
        72.51695032877281,
        64.7409306009938,
        63.61680953449339,
        63.11769598099068,
        62.48319589189272,
        59.03039974084315,
        61.00800186785804,
        61.37078460119379,
        63.11208627087218,
        59.04968092432068,
        65.13419997049279,
        64.54526340721756
      ],
      "pressure": [
        21.987421479469166,
        21.246159950165563,
        24.033854928508436,
        25.00313703404648,
        24.831663881162612,
        21.131621555295407,
        19.264102610753035,
        17.79812328096017,
        18.23546461850822,
        14.078769324830196,
        15.348102837930167,
        18.188646428905592,
        21.313590457424038,
        21.142270351866472,
        25.41006328269094,
        22.857239431212705,
        23.662977576794443,
        22.037864307348336,
        19.615922649632296,
        18.060693635857923,
        15.271878496152683,
        15.030363102047385,
        14.671316361276709,
        17.093379912337532
      ],
      "efficiency": [
        89.95336435961636,
        92.20751743561243,
        92.3891259144924,
        94.86931898823292,
        93.23512031104953,
        95.45060053324613,
        90.04348412159212,
        95.08530823986808,
        87.08817139751616,
        87.48434872626697,
        87.310904615538,
        88.68056596179675,
        82.59542042962187,
        87.50917204897377,
        86.38950806416031,
        90.65182173496339,
        90.32127996259818,
        94.27350507177569,
        93.29367426251976,
        94.45382606320294,
        94.1891422906471,
        94.47094177611697,
        95.42050570131376,
        92.89611856449285
      ],
      "network_load": [
        34.10794076884607,
        44.24562313155806,
        50.96706947993917,
        39.547498304288986,
        31.983420621478835,
        21.039502652499387,
        10.658138782584029,
        10.960973043868357,
        31.184704372457695,
        43.48270049867012,
        49.923666597049625,
        49.990648559698336,
        29.077882187136172,
        15.054106111114722,
        6.356058177853299,
        13.848579434108022,
        31.004552740990405,
        45.26465474548664,
        49.71268024462706,
        40.35855663126584,
        28.00518112140071,
        15.702739565646569,
        12.346326160679233,
        14.097241092693912
      ]
    },
    "kpi_predictions": {
      "efficiency_6h": 74.35879944370366,
      "efficiency_24h": 71.76349316764899,
      "uptime_forecast": 99.4884410060289,
      "maintenance_score": 92.12010377673398
    }
  },
  "last_update": "2025-09-18T17:29:28.171370"
}